{
  "project_info": {
    "project_number": "27677986005",
    "firebase_url": "https://ucuapp.firebaseio.com",
    "project_id": "ucuapp",
    "storage_bucket": "ucuapp.appspot.com"
  },
  "client": [
    {
      "client_info": {
        "mobilesdk_app_id": "1:27677986005:android:b7167f9d06f046d5",
        "android_client_info": {
          "package_name": "com.example.root.ucuapp"
        }
      },
      "oauth_client": [
        {
          "client_id": "27677986005-bvsrf927683jq5man7ge1oqgk8evhsl2.apps.googleusercontent.com",
          "client_type": 3
        }
      ],
      "api_key": [
        {
          "current_key": "AIzaSyAvOGfW_hv5_nTf9YVkBF0U-Y-z8RLZvI4"
        }
      ],
      "services": {
        "analytics_service": {
          "status": 1
        },
        "appinvite_service": {
          "status": 1,
          "other_platform_oauth_client": []
        },
        "ads_service": {
          "status": 2
        }
      }
    }
  ],
  "configuration_version": "1"
}